{
  "mathematical_constants": {
    "pi": 3.141592653589793,
    "e": 2.718281828459045,
    "phi": 1.618033988749894,
    "sqrt2": 1.4142135623730951,
    "sqrt3": 1.7320508075688772,
    "gamma_euler_mascheroni": 0.5772156649015329,
    "catalan_constant_G": 0.915965594177219,
    "feigenbaum_delta": 4.66920160910299,
    "feigenbaum_alpha": 2.50290787509589
  },

  "fundamental_constants": {
    "speed_of_light_c": 299792458,
    "gravitational_constant_G": 6.67430e-11,
    "planck_constant_h": 6.62607015e-34,
    "reduced_planck_constant_hbar": 1.054571817e-34,
    "elementary_charge_e": 1.602176634e-19,
    "boltzmann_constant_k": 1.380649e-23,
    "avogadro_constant_NA": 6.02214076e23,
    "gas_constant_R": 8.314462618,
    "stefan_boltzmann_sigma": 5.670374419e-8,
    "fine_structure_alpha": 7.2973525693e-3
  },

  "particle_masses": {
    "electron_mass": 9.1093837015e-31,
    "proton_mass": 1.67262192369e-27,
    "neutron_mass": 1.67492749804e-27,
    "muon_mass": 1.883531627e-28,
    "up_quark_mass": 2.2e-30,
    "down_quark_mass": 4.7e-30,
    "top_quark_mass": 3.0e-25,
    "bottom_quark_mass": 4.18e-27
  },

  "planck_units": {
    "planck_length": 1.616255e-35,
    "planck_time": 5.391247e-44,
    "planck_mass": 2.176434e-8,
    "planck_temperature": 1.416784e32,
    "planck_energy": 1.9561e9
  },

  "cosmological_constants": {
    "hubble_constant_H0": 67.4,
    "cosmological_constant_Lambda": 1.1056e-52,
    "dark_energy_density_omega_lambda": 0.685,
    "dark_matter_density_omega_dm": 0.265,
    "baryon_density_omega_b": 0.05
  },

  "chaos_and_fractals": {
    "feigenbaum_delta": 4.66920160910299,
    "feigenbaum_alpha": 2.50290787509589,
    "mandelbrot_dimension": 2.0,
    "koch_snowflake_dimension": 1.2619,
    "sierpinski_dimension": 1.585
  },

  "notes": {
    "units": "SI (m, kg, s, K, C, mol)",
    "source": "CODATA 2018 + Mathematical constants (Wolfram, NIST)",
    "description": "Evrenin temel sabitleri, fraktal oranları ve kaos katsayıları."
  }
}
